strain_name,protein_sequence,accession_no,sequence_length,full_length
SC/18,mearllvllcafaatnadticigyhannstdtvdtvleknvtvthsvnlledshngklcklkgiaplqlgkcniagwllgnpecdllltasswsyivetsnsengtcypgdfidyeelreqlssvssfekfeifpktsswpnhettkgvtaacsyagassfyrnllwltkkgssypklsksyvnnkgkevlvlwgvhhpptgtdqqslyqnadayvsvgsskynrrftpeiaarpkvrdqagrmnyywtllepgdtitfeatgnliapwyafalnrgsgsgiitsdapvhdcntkcqtphgainsslpfqnihpvtigecpkyvrstklrmatglrnipsiqsrglfgaiagfieggwtgmidgwygyhhqneqgsgyaadqkstqnaidgitnkvnsviekmntqftavgkefnnlerrienlnkkvddgfldiwtynaellvllenertldfhdsnvrnlyekvksqlknnakeigngcfefyhkcddacmesvrngtydypkyseesklnreeidgvklesmgvyqilaiystvasslvllvslgaisfwmcsngslqcrici,GenBank: AAD17229.1,566,TRUE
Wei/43,mkarllvllcalaatdadticigyhannstdtvdtileknvtvthsvnlledshngklcrlkgiaplqlgkcniagwilgnpecesllserswsyiveipnsengtcypgdftdyeelreqlssvssferfeifpkesswpkhntargvtaacshagkssfyrnllwltekdgsypnlknsyvnkkgkevlvlwgvhhpssikeqqtlyqkenayvsvvssnynrrftpeiaerpkvrdqagrmnyywtllepgdtiifeangnliapwyafalsrgfgsgiitsnasmhecdtkcqtpqgainsslpfqnihpvtigecpkyvrstklrmvtglrnipsiqsrglfgaiagfieggwtgmidgwygyhhqneqgsgyaadqkstqnaingitnkvnsviekmntqftavgkefnnlekrmenlnkkvddgfldiwtynaellillenertldfhdsnvknlyekvksqlrnnakeigngcfefyhkcnnecmesvkngtydypkyseesklnrekidgvklesmgvyqilaiystvasslvllvslgaisfwmcsngslqcrici,GenBank: ABD79101.1,566,TRUE
FM/47,mkakllillcaltatdadticigyhannstdtvdtvleknvtvthsvnlledshngklcrlkgiaplqlgkcniagwilgnpecesllskrswsyiaetpnsengacypgdfadyeelreqlssvssferfeifpkerswpkhnitrgvtaacshagkssfyknllwltetdgsypklsksyvnnkekevlvlwgvhhpsniedqktlyrkenayvsvvssnynrrftpeiaerpkvrgqagrinyywtllepgdtiifeangnliapwyafalsrdfgsgiitsnasmdecdtkcqtpqgainsslpfqnihpvtigecpkyvkstklrmvtglrnipsiqsrglfgaiagfieggwtgmidgwygyhhqneqgsgyaadqkstqnainwitnkvnsviekmntqftavgkefnklekrmenlnkkvddgfldiwtynaellvllenertldfhdsnvknlyekvknqlrnnakeigngcfefyhkcnnecmesvkngtydypkyseesklnrekidgvklesmgvyqilaiystvasslvllvslgaisfwmcsngslqcrici,GenBank: AAA67338.1,566,TRUE
Den/57,mkakllillcalsatdadticigyhannstdtvdtvleknvtvthsvnlledshngklcrlkgkaplqlgncniagwvlgnpecesllsnrswsyiaetpnsengtcypgdfadyeelreqlssvssferfeifpkerswpnhttrgvtaacpharkssfyknlvwlteangsypnlsrsyvnnqekevlvlwgvhhpsnieeqralyrkdnayvsvvssnynrrftpeiakrpkvrdqsgrmnyywtllepgdtiifeatgnliapwyafalsrgpgsgiitsnapldecdtkcqtpqgainsslpfqnihpvtigecpkyvrstklrmvtglrnipsvqsrglfgaiagfieggwtgmmdgwygyhhqneqgsgyaadqkstqnaingitnkvnsviekmntqftavgkefnklekrmenlnkkvddgfmdiwtynaellvllenertldfhdsnvknlyekvknqlrnnakelgngcfefyhkcdnecmesvkngtydypkyseesklnrekidgvklesmgvyrilaiystvasslvllvslgaisfwmcsngslqcrici,GenBank: ABD15258.1,565,TRUE
NJ/76,mkaillvllctfaatnadtlcigyhannstdtvdtvleknvtvthsvnlledrhngklcklggiaplhlgkcniagwllgnpecellltvsswsyivetsnsdngtcypgdfinyeelreqlssvssferfeifpktsswpnhetnrgvtaacpyagansfyrnliwlvekgnsypklsksyvnnkgkevlvlwgihhpptstdqqslyqnadayvfvgsskynrkfkpeiaarpkvrgqagrmnyywtliepgdtitfeatgnlvvpryafamnrgsgsgiiisdapvhdcntkcqtpkgaintslpfqnihpvtigecpkyvkstklrmatglrnipsiqsrglfgaiagfieggwtgmidgwygyhhqneqgsgyaadqrstqnaidgitnkvnsviekmntqftavgkefnhlekrienlnkkvddgfldiwtynaellvllenertldfhdsnvknlyekvrsqlrnnakeigngcfefyhkcddtcmesvkngtydypkyseesklnreeidgvklestriyqilaiystvasslvllvslgaisfwmcsngslqcrici,GenBank: AGB51356.1,566,TRUE
USSR/77,mkakllvllcalsatdadticigyhannstdtvdtvleknvtvthsvnlledshngklcrlkgiaplqlgkcniagwilgnpeceslfskkswsyiaetpnsengtcypgyfadyeelreqlssvssferfeifpkerswpkhnvtrgvtascshkgkssfyrnllwltekngsypnlsksyvnnkekevlvlwgvhhpsniedqktiyrkenayvsvvssnynrrftpeiaerpkvrgqagrinyywtllepgdtiifeangnliapwhafalnrgfgsgiitsnasmdecdtkcqtpqgainsslpfqnihpvtigecpkyvrstklrmvtglrnipsiqsrglfgaiagfieggwtgmidgwygyhhqneqgsgyaadqkstqnaingitnkvnsviekmntqftavgkefnklekrmenlnkkvddgfldiwtynaellvllenertldfhdsnvknlyekvksqlknnakeigngcfefyhkcnnecmesvkngtydypkyseesklnrekidgvklesmgvyqilaiystvasslvllvslgaisfwmcsngslqcrici,GenBank: ABD95350.1,566,TRUE
Bra/78,mkakllvllcalsatdadticigyhannstdtvdtvleknvtvthsvnlledshngklcrlkgiaplqlgkcsiagwilgnpeceslfskkswsyiaetpnsengtcypgyfadyeelreqlssvssferfeifpkerswpkhnitrgvtascshkgkssfyrnllwltekngsypnlsksyvnnkekevlvlwgvhhpsniedqktiyrkenayvsvvssnynrrftpeiakrpkvrgqegrinyywtllepgdtiifeangnliapwyafalsrgfgsgiitsnasmdecdtkcqtpqgainsslpfqnvhpvtigecpkyvrstklrmvtglrnipsiqsrglfgaiagfieggwtgmidgwygyhhqneqgsgyaadqkstqnaingitnkvnsviekmntqftavgkefnklekrmenlnkkvddgfldiwtynaellvllenertldfhdsnvknlyekvksqlknnakeigngcfefyhkcnnecmesvkngtydypkyseesklnrekidgvklesmgvyqilaiystvasslvllvslgaisfwmcsngslqcrici,GenBank: ABO38065.1,566,TRUE
CA/78,mkakllvllcalsatdadticigyhannstdtvdtvleknvtvthsvnlledshngklcrlkgiaplqlgkcsiagwilgnpeceslfskkswsyiaetpnsengtcypgyfadyeelreqlssvssferfeifpkerswpkhnvtrgvtascshkgkssfyrnllwltekngsypnlsksyvnnkekevlvlwgvhhpsniedqktiyrkenayvsvvssnynrrftpeiakrpkvrgqegrinyywtllepgdtiifeangnliapwyafalsrgfgsgiitsnasmdecdtkcqtpqgainsslpfqnvhpvtigecpkyvrstklrmvtglrnipsiqsrglfgaiagfieggwtgmidgwygyhhqneqgsgyaadqkstqnaingitnkvnsviekmntqftavgkefnklekrmenlnkkvddgfldiwtynaellvllenertldfhdsnvknlyekvksqlknnakeigngcfefyhkcnnecmesvkngtydypkyseesklnrekidgvklesmgvyqilaiystvasslvllvslgaisfwmcsngslqcrici,GenBank: ABP49338.1,566,TRUE
Chi/83,mkakllvllcalsatdadticigyhannstdtvdtvleknvtvthsvnllednhngklcklkgiaplqlgkcsiagwilgnpeceslfskkswsyiaetpnsengtcypgyfadyeelreqlssvssferfeifpkesswpkhnvtkgvtaacshkgkssfyrnllwltekngsypnlsksyvnnkekevlvlwgvhhpsniedqktiyrkenayvsvvsshynrrftpeiakrpkvrnqegrinyywtllepgdtiifeangnliapwyafalsrgfgsgiitsnasmdecdakcqtpqgainsslpfqnvhpvtigecpkyvrstklrmvtglrnipsiqsrglfgaiagfieggwtgmidgwygyhhqneqgsgyaadqkstqnaingitnkvnsiiekmntqftavgkefnklekrmenlnkkvddgfldiwtynaellvllenertldfhdsnvknlyekvksqlknnakeigngcfefyhkcnnecmesvkngtydypkyseesklnrekidgvklesmgvyqilaiystvasslvllvslgaisfwmcsngslqcrici,GenBank: ABO38340.1,566,TRUE
Sing/86,mkakllvllcaftatdadticigyhannstdtvdtvleknvtvthsvnlledshngklcrlkgiaplqlgncsiagwilgnpeceslfskkswsyiaetpnsengtcypgyfadyeelreqlssvssferfeifpkesswpnhtvtkgvtascshkgrssfyrnllwltkkngsypnlsksyvnnkekevlvlwgvhhpsnigdqraiyhtenayvsvvsshynrrftpeiakrpkvrdqegrinyywtllepgdtiifeangnliapwyafalsrgfgsgiitsnasmdecdakcqtpqgainsslpfqnvhpvtigecpkyvrstklrmvtglrnipsiqsrglfgaiagfieggwtgmidgwygyhhqneqgsgyaadqkstqnaingitnkvnsviekmntqftavgkefnklerrmenlnkkvddgfldiwtynaellvllenertldfhdsnvknlyekvksqlknnakeigngcfefyhkcnnecmesvkngtydypkyseesklnrekidgvklesmgvyqilaiystvasslvllvslgaisfwmcsngslqcrici,GenBank: ABO38395.1,566,TRUE
TX/91,mkakllvllcaftatyadticigyhannstdtvdtvleknvtvthsvnlledshngklcrlkgiaplqlgncsvagwilgnpkceslfskeswsyiaetpnpengtcypgyfadyeelreqlssvssferfeifpkesswpnhtvtkgvttscshngkssfyrnllwlteknglypnlsksyvnnkekevlvlwgvhhpsnirdqraiyhtenayvsvvsshysrrftpeiakrpkvrgqegrinyywtllepgdtiifeangnliapwyafalsrgfgsgiitsnasmdecdakcqtpqgainsslpfqnvhpvtigecpkyvrstklrmvtglrnipsiqsrglfgaiagfieggwtgmidgwygyhhqneqgsgyaadqkstqnaingitnkvnsviekmntqftavgkefnklerrmenlnkkvddgfldiwtynaellvllengrtldfhdsnvknlyekvksqlknnakeigngcfefyhkcnnecmesvkngtydypkyseesklnrgkidgvklesmgvyqilaiystvasslvllvslgaisfwmcsngslqcrici,GenBank: ACF41933.1,566,TRUE
Bei/95,mkakllvllctftatyadticigyhannstdtvdtvleknvtvthsvnlledshngklcllkgiaplqlgncsvagwilgnpecesliskeswsyivetpnpengtcypgyfadyeelreqlssvssferfeifpkesswpnhtvtgvtascshngkssfyrnllwlteknglypnlsnsyvnnkekevlvlwgvhhpsnirdqraiyhtenayvsvvsshysrrftpeiakrpkvrgqegrinyywtllepgdtiifeangnliapwyafalsrgfgsgiitsnapmnecdakcqtpqgainsslpfqnvhpvtigecpkyvrstklrmvtglrnipsiqsrglfgaiagfieggwtgmmdgwygyhhqneqgsgyaadqkstqnaingitnkvnsviekmntqftavgkefnklerrmenlnkkvddgfldiwtynaellvllenertldfhdsnvknlyekvksqlknnakeigngcfefyhkcnnecmesvkngtydypkyseesklnrekidgvklesmgvyqilaiystvasslvllvslgaisfwmcsngslqcrici,GenBank: ACF41867.1,565,TRUE
NC/99,mkakllvllctftatyadticigyhannstdtvdtvleknvtvthsvnlledshngklcllkgiaplqlgncsvagwilgnpecelliskeswsyivetpnpengtcypgyfadyeelreqlssvssferfeifpkesswpnhtvtgvsascshngkssfyrnllwltgknglypnlsksyvnnkekevlvlwgvhhppnignqralyhtenayvsvvsshysrrftpeiakrpkvrdqegrinyywtllepgdtiifeangnliapwyafalsrgfgsgiitsnapmdecdakcqtpqgainsslpfqnvhpvtigecpkyvrsaklrmvtglrnipsiqsrglfgaiagfieggwtgmvdgwygyhhqneqgsgyaadqkstqnaingitnkvnsviekmntqftavgkefnklerrmenlnkkvddgfldiwtynaellvllenertldfhdsnvknlyekvksqlknnakeigngcfefyhkcnnecmesvkngtydypkyseesklnrekidgvklesmgvyqilaiystvasslvllvslgaisfwmcsngslqcrici,GenBank: AAP34324.1,565,TRUE
SI/06,mkvkllvllctftatyadticigyhannstdtvdtvleknvtvthsvnlledshngklcllkgiaplqlgncsvagwilgnpecellisreswsyivekpnpengtcypghfadyeelreqlssvssferfeifpkesswpnhtttgvsascshngessfyknllwltgknglypnlsksyannkekevlvlwgvhhppnigdqralyhkenayvsvvsshysrkftpeiakrpkvrdqegrinyywtllepgdtiifeangnliapryafalsrgfgsgiinsnapmdecdakcqtpqgainsslpfqnvhpvtigecpkyvrsaklrmvtglrnipsiqsrglfgaiagfieggwtgmvdgwygyhhqneqgsgyaadqkstqnaingitnkvnsviekmntqftavgkefnklerrmenlnkkvddgfidiwtynaellvllenertldfhdsnvknlyekvksqlknnakeigngcfefyhkcndecmesvkngtydypkyseesklnrekidgvklesmgvyqilaiystvasslvllvslgaisfwmcsngslqcrici,GenBank: ABU99109.1,565,TRUE
Bris/07,mkvkllvllctftatyadticigyhannstdtvdtvleknvtvthsvnllenshngklcllkgiaplqlgncsvagwilgnpecelliskeswsyivekpnpengtcypghfadyeelreqlssvssferfeifpkesswpnhtvtgvsascshngessfyrnllwltgknglypnlsksyannkekevlvlwgvhhppnignqkalyhtenayvsvvsshysrkftpeiakrpkvrdqegrinyywtllepgdtiifeangnliapryafalsrgfgsgiinsnapmdkcdakcqtpqgainsslpfqnvhpvtigecpkyvrsaklrmvtglrnipsiqsrglfgaiagfieggwtgmvdgwygyhhqneqgsgyaadqkstqnaingitnkvnsviekmntqftavgkefnklerrmenlnkkvddgfidiwtynaellvllenertldfhdsnvknlyekvksqlknnakeigngcfefyhkcndecmesvkngtydypkyseesklnrekidgvklesmgvyqilaiystvasslvllvslgaisfwmcsngslqcrici,GenBank: ADE28750.1,565,TRUE
CA/09,mkailvvllytfatanadtlcigyhannstdtvdtvleknvtvthsvnlledkhngklcklrgvaplhlgkcniagwilgnpeceslstasswsyivetpssdngtcypgdfidyeelreqlssvssferfeifpktsswpnhdsnkgvtaacphagaksfyknliwlvkkgnsypklsksyindkgkevlvlwgihhpstsadqqslyqnadayvfvgssryskkfkpeiairpkvrdqegrmnyywtlvepgdkitfeatgnlvvpryafamernagsgiiisdtpvhdcnttcqtpkgaintslpfqnihpitigkcpkyvkstklrlatglrnipsiqsrglfgaiagfieggwtgmvdgwygyhhqneqgsgyaadlkstqnaideitnkvnsviekmntqftavgkefnhlekrienlnkkvddgfldiwtynaellvllenertldyhdsnvknlyekvrsqlknnakeigngcfefyhkcdntcmesvkngtydypkyseeaklnreeidgvklestriyqilaiystvasslvlvvslgaisfwmcsngslqcrici,GenBank: ACP41953.1,566,TRUE
MI/15,mkailvvllytfttanadtlcigyhannstdtvdtvleknvtvthsvnlledkhngklcklrgvaplhlgkcniagwilgnpeceslstasswsyivetsnsdngtcypgdfinyeelreqlssvssferfeifpktsswpnhdsnkgvtaacphagaksfyknliwlvkkgnsypklnqsyindkgkevlvlwgihhpsttadqqslyqnadayvfvgtsryskkfkpeiatrpkvrdregrmnyywtlvepgdkitfeatgnlvvpryaftmernagsgiiisdtpvhdcnttcqtpegaintslpfqnihpitigkcpkyvkstklrlatglrnvpsiqsrglfgaiagfieggwtgmvdgwygyhhqneqgsgyaadlkstqnaidkitnkvnsviekmntqftavgkefnhlekrienlnkkvddgfldiwtynaellvllenertldyhdsnvknlyekvrnqlknnakeigngcfefyhkcdntcmesvkngtydypkyseeaklnrekidgvklestriyqilaiystvasslvlvvslgaisfwmcsngslqcrici,GenBank: AMV49034.1,566,TRUE
Bris/18,mkailvvllytfttanadtlcigyhannstdtvdtvleknvtvthsvnlledkhngklcklggvaplhlgkcniagwilgnpeceslstarswsyivetsnsdngtcypgdfinyeelreqlssvssferfeifpktsswpnhdsnkgvtaacphagaksfyknliwlvkkgnsypklnqtyindkgkevlvlwgihhppttadqqslyqnadayvfvgtsryskkfkpeiatrpkvrdregrmnyywtlvepgdkitfeatgnlvvpryaftmernagsgiiisdtpvhdcnttcqtaegaintslpfqnvhpvtigkcpkyvkstklrlatglrnvpsiqsrglfgaiagfieggwtgmvdgwygyhhqneqgsgyaadlkstqnaidkitnkvnsviekmntqftavgkefnhlekrienlnkkvddgfldiwtynaellvllenertldyhdsnvknlyekvrnqlknnakeigngcfefyhkcdntcmesvkngtydypkyseeaklnrekidgvklestriyqilaiystvasslvlvvslgaisfwmcsngslqcrici,Gisaid: EPI1415369,566,TRUE
HK/68,mktiialsyifclalgqdlpgndnstatlclghhavpngtlvktitddqievtnatelvqssstgkicnnphrildgidctlidallgdphcdvfqnetwdlfverskafsncypydvpdyaslrslvassgtlefitegftwtgvtqnggsnackrgpgngffsrlnwltksgstypvlnvtmpnndnfdklyiwgvhhpstnqeqtslyvqesgrvtvstrrsqqsiipnigsrpwvrgqssrisiywtivkpgdvlvinsngnliaprgyfkmrtgkssimssdapidtcisecitpngsipndkpfqnvnkitygacpkyvkqntlklatgmrnvpekqtrglfgaiagfiengwegmidgwygfrhqnsegtgqaadlkstqaaidqingklnrviektnekfhqiekefsevegriqdlekyvedtkidlwsynaellvalenqhtidltdsemnklfektrrqlrenaedmgngcfkiyhkcdnaciesirngtydhdvyrdealnnrfqikgvelksgykdwilwisfaiscfllcvvllgfimwacqrgnircnici,GenBank: ABQ97200.1,566,TRUE
PC/73,mktiialsyifclvlgqdfpgndnstatlclghhavpngtlvktitndqievtnatelvqssstgkicnnphrildginctlidallgdphcdgfqnetwdlfverskafsncypydvpdyaslrslvassgtlefinegftwtgvtqnggsnackrgpdsgffsrlnwlyksgsaypvlnvtmpnndnfdklyiwgvhhpstdqeqtnlyvqasgrvtvstkrsqqtiipnigsrpwvrglssrisiywtivkpgdilvinsngnliaprgyfkmrtgkssimrsdapigtcisecitpngsipndkpfqnvnkitygacpkyvkqntlklatgmrnvpekqtrgifgaiagfiengwegmidgwygfrhqnsegtgqaadlkstqaaidqingklnrviektnekfhqiekefsevegriqdlekyvedtkidlwsynaellvalenqhtidltdsemnklfektrrqlrenaedmgngcfkiyhkcdnacigsirngtydhdvyrdealnnrfqikgvelksgykdwilwisfaiscfllcvvllgfimwacqkgnircnici,GenBank: ABE12532.1,566,TRUE
TX/77,mktiialsyifcqvlaqnlpgndnstatlclghhavpngtlvktitndqievtnatelvqssstgricdsphrildgknctlidallgdphcdgfqnekwdlfverskafsncypydvpdyaslrslvassgtlefinegfnwtgvtqnggsyackrgpdnsffsrlnwlyksestypvlnvtmpnndnfdklyiwgvhhpstdkeqtnlyvqasgrvtvstkrsqqtiipnvgsrpwvrglssgisiywtivkpgdillinsngnliaprgyfkirtgkssimrsdapigtcssecitpngsipndkpfqnvnkitygacpkyvkqntlklatgmrnvpekqtrgifgakagfiengwegmidgwygfrhqnsegtgqaadlkstqaaidqingklnrviektnekfhqiekefsevegriqdlekyvedtkidlwsynaellvalenqhtidltdsemnklfektrrqlrenaedmgngcfkiyhkcdnacigsirngtydhdvyrdealnnrfqikgvelksgykdwilwisfaiscfllcvvllgfimwacqkgnircnici,GenBank: AFM68965.1,566,TRUE
MI/85,qklpgndnstatlclghhavpngtlvktitndqievtnatelvqssstgricdsphrildgknctlidallgdphcdgfqnekwdlfverskafsncypydvpdyaslrslvassgtlefinegfnwtgvtqsggsyackrgsvnsffsrlnwlyeseskypalnvtmpnngkfdklyiwgvhhpitdkeqtnlyvrasgrvtvstkrsqqtvipnigsrpwvrgqssrisiywtivkpgdillinsignliaprgyfkirtgkssimrsdapigtcssecitpngsipndkpfqnvnkitygacpryvkqntlklatgmrnvpekqtr,GenBank: AAA62338.1,329,FALSE
Sich/87,mktiialsyifclvfaqklpgndnstatlclghhavpngtlvktitndqievtnatelvqssstgricdsphrildgknctlidallgdphcdgfqnekwdlfverskaysncypydvpdyaslrslvassgtlefinedfnwigvtqsggscackrgsvnsffsrlnwlheseqkypalnvtmpnngkfdklyiwgvhhpstdreqtnlyvrasgrvtvstkrsqqtvipnigsrpwvrglssrisiywtivkpgdillinsignliaprgyfkirtgkssimrsdapigtcssecitpngsipndkpfqnvnkitygacpryvkqntlklatgmrnvpekqtrgifgaiagfiengwegmvdgwygfrhqnsegtgqaadlkstqaaidqingklnrliektnekfhqiekefsevegriqdlekyvedtkidlwsynaellvalenqhtidltdsemnklfektrkqlrenaedmgngcfkiyhkcdnacigsirngtydhdvyrdealnnrfqikgvelksgykdwilwisfaiscfllcvvllgfimwacqkgnircnici,GenBank: AFG72085.1,566,TRUE
Shan/93,mktiialsyilclvfaqklpgndnstatlclghhavpngtlvktitndqievtnatelvqssstgricgsphrildgknctlidallgdphcdgfqnkewdlfverskaysncypydvpdyaslrslvassgtlefinedfnwtgvaqdggsyackrgsvnsffsrlnwlhkleykypalnvtmpnngkfdklyiwgvhhpstdsdqtslyvrasgrvtvstkrsqqtvtpnigsrpwvrgqssrisiywtivkpgdillinstgnliaprgyfkirngkssimrsdapigncssecitpngsipndkpfqnvnritygacpryvkqntlklatgmrnvpekqtrgifgaiagfiengwegmvdgwygfrhqnsegtgqaadlkstqaaidqingklnrliektnekfhqiekefsevegriqdlekyvedtkidlwsynaellvalenqhtidltdsemnklfektrkqlrenaedmgngcfkiyhkcdnacigsirngtydhdvyrdealnnrfqikgvelksgykdwilwisfaiscfllcvvllgfimwacqkgnircnici,GenBank: AFH00285.1,566,TRUE
Nan/95,mktiialsyilclvfaqklpgndnstatlclghhavpngtlvktitndqievtnatelvqssstgricdsphrildgknctlidallgdphcdgfqnkewdlfverskaysncypydvpdyaslrslvassgtleftnegfnwtgvaqdgtsyackrgsvksffsrlnwlhkleykypalnvtmpnndkfdklyiwgvhhpstdsdqtslyvqasgrvtvstkrsqqtvipnigsrpwvrgissrisiywtivkpgdillikstgnliaprgyfkirsgkssimrsdapigncnsecitpngsipndkpfqnvnritygacpryvkqntlklatgmrnvpekqtrgifgaiagfiengwegmvdgwygfrhqnsegtgqaadlkstqaainqingklnrliektnekfhqiekefsevegriqdlekyvedtkidlwsynaellvalenqhtidltdsemnklfertrkqlrenaedmgngcfkiyhkcdnacigsirngtydhdvyrdealnnrfqikgvelksgykdwilwisfaiscfllcvvllgfimwacqkgnircnici,GenBank: AFG72625.1,566,TRUE
Syd/97,mktiialsyilclvfaqkipgndnstatlclghhavpngtlvktitndqievtnatelvqssstgricdsphrildgenctlidallgdphcdgfqnkewdlfverskaysncypydvpdyaslrslvassgtlefnnesfnwtgvaqngtsyackrssiksffsrlnwlhqlkykypalnvtmpnndkfdklyiwgvhhpstdsdqtsiyaqasgrvtvstkrsqqtvipnigsrpwvrgissrisihwtivkpgdillinstgnliaprgyfkirsgkssimrsdapigkcnsecitpngsipndkpfqnvnritygacpryvkqntlklatgmrnvpekqtrgifgaiagfiengwegmvdgwygfrhqnsegtgqaadlkstqaainqingklnrliektnekfhqiekefsevegriqdlekyvedtkidlwsynaellvalenqhtidltdsemnklfertrkqlrenaedmgngcfkiyhkcdnacigsirngtydhdvyrdealnnrfqikgvelksgykdwilwisfaiscfllcvvllgfimwacqkgnircnici,GenBank: ACO95259.1,566,TRUE
Pan/99,mktiialsyilclvfaqklpgndnstatlclghhavsngtlvktitndqievtnatelvqssstgricdsphqildgenctlidallgdphcdgfqnkewdlfverskaysncypydvpdyaslrslvassgtlefnnesfnwtgvaqngtssackrrsnksffsrlnwlhqlkykypalnvtmpnnekfdklyiwgvhhpstdsdqisiyaqasgrvtvstkrsqqtvipnigsspwvrgvssrisiywtivkpgdillinstgnliaprgyfkirsgkssimrsdapigkcnsecitpngsipndkpfqnvnritygacpryvkqntlklatgmrnvpekqtrgifgaiagfiengwegmvdgwygfrhqnsegtgqaadlkstqaainqingklnrliektnekfhqiekefsevegriqdlekyvedtkidlwsynaellvalenqhtidltdsemnklfertkkqlrenaedmgngcfkiyhkcdnacigsirngtydhdvyrdealnnrfqikgvelksgykdwilwisfaiscfllcvvllgfimwacqkgnircnici,GenBank: ABF21273.1,566,TRUE
Fuj/02,mktiialsyilclvfaqklpgndnstatlclghhavpngtivktitndqievtnatelvqssstggicdsphqildgenctlidallgdpqcdgfqnkkwdlfverskaysncypydvpdyaslrslvassgtlefnnesfnwtgvtqngtssackrrsnksffsrlnwlthlkykypalnvtmpnnekfdklyiwgvlhpgtdsdqislyaqasgritvstkrsqqtvipnigsrprvrgvssrisiywtivkpgdillinstgnliaprgyfkirsgkssimrsdapigkcnsecitpngsipndkpfqnvnritygacpryikqntlklatgmrnvpekqtrgifgaiagfiengwegmvdgwygfrhqnsegtgqaadlkstqaainqingklnrligktnekfhqiekefsevegriqdlekyvedtkidlwsynaellvalenqhtidltdsemnklfertkkqlrenaedmgngcfkiyhkcdnacigsirngtydhdvyrdealnnrfqikgvelksgykdwilwisfaiscfllcvallgfimwacqkgnircnici,GenBank: AFG72823.1,566,TRUE
NY/04,mktiialsyilclvfaqklpgndnstatlclghhavpngtivktitndqievtnatelvqssstggicdsphqildgenctlidallgdpqcdgfqnkkwdlfverskaysncypydvpdyaslrslvassgtlefnnesfnwtgvtqngtsssckrrsnnsffsrlnwlthlkfkypalnvtmpnnekfdklyiwgvhhpvtdndqirlyaqasgritvstkrsqqtvipnigsrprvrdipsrisiywtivkpgdillinstgnliaprgyfkirsgkssimrsdapigkcnsecitpngsipndkpfqnvnritygacpryvkqntlklatgmrnvpekqtrgifgaiagfiengwegmvdgwygfrhqnsegigqaadlkstqaainqingklnrligktnekfhqiekefsevegriqdlekyvedtkidlwsynaellvalenqhtidltdsemnklfertkkqlrenaedmgngcfkiyhkcdnacigsirngtydhdvyrdealnnrfqikgvelksgykdwilwisfaiscfllcvvllgfimwacqkgnircnici,GenBank: ACF41900.1,566,TRUE
WI/05,mktiialsyilclvfaqklpgndnstatlclghhavpngtivktitndqievtnatelvqssstggicdsphqildgenctlidallgdpqcdgfqnkkwdlfverskaysncypydvpdyaslrslvassgtlefndesfnwtgvtqngtsssckrrsnnsffsrlnwltqlkfkypalnvtmpnnekfdklyiwgvhhpvtdndqiflyaqasgritvstkrsqqtvipnigsrprirnipsrisiywtivkpgdillinstgnliaprgyfkirsgkssimrsdapigkcnsecitpngsipndkpfqnvnritygacpryvkqntlklatgmrnvpekqtrgifgaiagfiengwegmvdgwygfrhqnsegigqaadlkstqaainqingklnrligktnekfhqiekefseverriqdlekyvedtkidlwsynaellvalenqhtidltdsemnklfertkkqlrenaedmgngcfkiyhkcdnacigsirngtydhdvyrdealnnrfqikgvelksgykdwilwisfaiscfllcvallgfimwacqkgnircnici,GenBank: AHG96791.1,566,TRUE
Uru/07,mktiialsyilclvfaqklpgndnstatlclghhavpngtivktitndqievtnatelvqssstgeicdsphqildgenctlidallgdpqcdgfqnkkwdlfverskaysncypydvpdyaslrslvassgtlefnnesfnwtgvtqngtssscirrsnnsffsrlnwlthlkfkypalnvtmpnnekfdklyiwgvhhpgtdndqifpyaqasgritvstkrsqqtvipnigsrprvrnipsrisiywtivkpgdillinstgnliaprgyfkirsgkssimrsdapigkcnsecitpngsipndkpfqnvnritygacpryvkqntlklatgmrnvpekqtrgifgaiagfiengwegmvdgwygfrhqnsegigqaadlkstqaaidqingklnrligktnekfhqiekefsevegriqdlekyvedtkidlwsynaellvalenqhtidltdsemnklfektkkqlrenaedmgngcfkiyhkcdnacigsirngtydhdvyrdealnnrfqikgvelksgykdwilwisfaiscfllcvallgfimwacqkgnircnici,GenBank: ACD47213.1,566,TRUE
Per/09,mktiialsyilclvfaqklpgndnstatlclghhavpngtivktitndqievtnatelvqssstgeicdsphqildgknctlidallgdpqcdgfqnkkwdlfverskaysncypydvpdyaslrslvassgtlefnnesfnwtgvtqngtssacirrsknsffsrlnwlthlnfkypalnvtmpnneqfdklyiwgvhhpgtdkdqiflyaqasgritvstkrsqqtvspnigsrprvrnipsrisiywtivkpgdillinstgnliaprgyfkirsgkssimrsdapigkcnsecitpngsipndkpfqnvnritygacpryvkqntlklatgmrnvpekqtrgifgaiagfiengwegmvdgwygfrhqnsegrgqaadlkstqaaidqingklnrligktnekfhqiekefsevegriqdlekyvedtkidlwsynaellvalenqhtidltdsemnklfektkkqlrenaedmgngcfkiyhkcdnacigsirngtydhdvyrdealnnrfqikgvelksgykdwilwisfaiscfllcvallgfimwacqkgnircnici,GenBank: ACS71642.1,566,TRUE
Vic/11,mktiialshilclvfaqklpgndnstatlclghhavpngtivktitndqievtnatelvqnssigeicdsphqildgenctlidallgdpqcdgfqnkkwdlfverskaysncypydvpdyaslrslvassgtlefnnesfnwtgvtqngtssacirrsnnsffsrlnwlthlnfkypalnvtmpnneqfdklyiwgvhhpgtdkdqiflyaqssgritvstkrsqqavipnigsrprirnipsrisiywtivkpgdillinstgnliaprgyfkirsgkssimrsdapigkcnsecitpngsipndkpfqnvnritygacpryvkqstlklatgmrnvpekqtrgifgaiagfiengwegmvdgwygfrhqnsegrgqaadlkstqaaidqingklnrligktnekfhqiekefsevegriqdlekyvedtkidlwsynaellvalenqhtidltdsemnklfektkkqlrenaedmgngcfkiyhkcdnacigsirngtydhdvyrdealnnrfqikgvelksgykdwilwisfaiscfllcvallgfimwacqkgnircnici,GenBank: AIU46088.1,566,TRUE
TX/12,mktiialsyilclvfaqklpgndnstatlclghhavpngtivktitndrievtnatelvqnssigeicdsphqildgenctlidallgdpqcdgfqnkkwdlfverskaysncypydvpdyaslrslvassgtlefnnesfnwngvtqngtssacirrsnnsffsrlnwlthlnfkypalnvtmpnneqfdklyiwgvhhpgtdkdqiflyaqpsgritvstkrsqqavipnigsrprirnipsrisiywtivkpgdillinstgnliaprgyfkirsgkssimrsdapigkcksecitpngsipndkpfqnvnritygacpryvkqstlklatgmrnvpekqtrgifgaiagfiengwegmvdgwygfrhqnsegrgqaadlkstqaaidqingklnrligktnekfhqiekefsevegriqdlekyvedtkidlwsynaellvalenqhtidltdsemnklfektkkqlrenaedmgngcfkiyhkcdnacigsirngtydhdvyrdealnnrfqikgvelksgykdwilwisfaiscfllcvallgfimwacqkgnircnici,GenBank: AGL07159.1,566,TRUE
Switz/13,mktiialsyilclvfaqklpgndnstatlclghhavpngtivktitndrievtnatelvqnssigeicdsphqildgenctlidallgdpqcdgfqnkkwdlfverskaysncypydvpdyaslrslvassgtlefnnesfnwagvtqngtssscirgsnssffsrlnwlthlnskypalnvtmpnneqfdklyiwgvhhpgtdkdqiflyaqssgritvstkrsqqavipnigsrprirdipsrisiywtivkpgdillinstgnliaprgyfkirsgkssimrsdapigkcksecitpngsipndkpfqnvnritygacpryvkqstlklatgmrnvperqtrgifgaiagfiengwegmvdgwygfrhqnsegrgqaadlkstqaaidqingklnrligktnekfhqiekefsevegriqdlekyvedtkidlwsynaellvalenqhtidltdsemnklfektkkqlrenaedmgngcfkiyhkcdnacigsirngtydhdvyrdealnnrfqikgvelksgykdwilwisfaiscfllcvallgfimwacqkgnircnici,Gisaid: EPI530687,566,TRUE
HK/14,mktiialsyilclvfaqkipgndnstatlclghhavpngtivktitndrievtnatelvqnssigeicdsphqildgenctlidallgdpqcdgfqnkkwdlfverskaysncypydvpdyaslrslvassgtlefnnesfnwtgvtqngtssacirrssssffsrlnwlthlnytypalnvtmpnneqfdklyiwgvhhpgtdkdqiflyaqssgritvstkrsqqavipnigsrprirdipsrisiywtivkpgdillinstgnliaprgyfkirsgkssimrsdapigkcksecitpngsipndkpfqnvnritygacpryvkhstlklatgmrnvpekqtrgifgaiagfiengwegmvdgwygfrhqnsegrgqaadlkstqaaidqingklnrligktnekfhqiekefsevegriqdlekyvedtkidlwsynaellvalenqhtidltdsemnklfektkkqlrenaedmgngcfkiyhkcdnacigsirngtydhnvyrdealnnrfqikgvelksgykdwilwisfaiscfllcvallgfimwacqkgnircnici,Gisaid: EPI834581,566,TRUE
Sing/16,mktiialsyilclvfaqkipgndnstatlclghhavpngtivktitndrievtnatelvqnssigeicdsphqildgenctlidallgdpqcdgfqnkkwdlfverskaysncypydvpdyaslrslvassgtlefknesfnwtgvtqngtssacirgssssffsrlnwlthlnytypalnvtmpnkeqfdklyiwgvhhpgtdkdqiflyaqssgritvstkrsqqavipnigsrprirdipsrisiywtivkpgdillinstgnliaprgyfkirsgkssimrsdapigkcksecitpngsipndkpfqnvnritygacpryvkhstlklatgmrnvpekqtrgifgaiagfiengwegmvdgwygfrhqnsegrgqaadlkstqaaidqingklnrligktnekfhqiekefsevegrvqdlekyvedtkidlwsynaellvalenqhtidltdsemnklfektkkqlrenaedmgngcfkiyhkcdnaciesirnetydhnvyrdealnnrfqikgvelksgykdwilwisfaiscfllcvallgfimwacqkgnircnici,Gisaid: EPI780183,566,TRUE
KS/17,mktiialscilclvfaqkipgndnstatlclghhavpngtivktitndrievtnatelvqnssigeicdsphqildgenctlidallgdpqcdgfqnkkwdlfvernkaysncypydvpdyaslrslvassgtlefnnesfnwagvtqngtssscirgskssffsrlnwlthlnskypalnvtmpnneqfdklyiwgvhhpgtdkdqislyaqssgritvstkrsqqavipnigsrprirdipsrisiywtivkpgdillinstgnliaprgyfkirsgkssimrsdapigkcksecitpngsipndkpfqnvnritygacpryvkqstlklatgmrnvperqtrgifgaiagfiengwegmvdgwygfrhqnsegrgqaadlkstqaaidqingklnrligktnekfhqiekefsevegriqdlekyvedtkidlwsynaellvalenqhtidltdsemnklfektkkqlrenaedmgngcfkiyhkcdnacmgsirngtydhnvyrdealnnrfqikgvelksgykdwilwisfaiscfllcvallgfimwacqkgnircnici,GenBank: AVG71503.1,566,TRUE
SA/19,mktiialsyilclvfaqkipgndnstatlclghhavpngtivktitndrievtnatelvqnssigeicdsphqildggnctlidallgdpqcdgfqnkkwdlfversraysncypydvpdyaslrslvassgtlefknesfnwtgvkqngtssacirgssssffsrlnwlthlnytypalnvtmpnkeqfdklyiwgvhhpgtdkdqiflyaqssgritvstkrsqqavipnigfrprirdipsrisiywtivkpgdillinstgnliaprgyfkirsgkssimrsdapigkcksecitpngsipndkpfqnvnritygacpryvkqstlklatgmrnvpekqtrgifgaiagfiengwegmmdgwygfrhqnsegrgqaadlkstqaaidqingklnrligktnekfhqiekefsevegrvqdlekyvedtkidlwsynaellvalenqhtidltdsemnklfektkkqlrenaedmgngcfkiyhkcdnacigsirnetydhnvyrdealnnrfqikgvelksgykdwilwisfaiscfllciallgfimwacqkgnircnici,Gisaid: PI1387331,566,TRUE
PR/34,mkanllvllsalaaadadticigyhannstdtvdtvleknvtvthsvnlledshngklcrlkgiaplqlgkcniagwllgnpecdpllpvrswsyivetpnsengicypgdfidyeelreqlssvssferfeifpkesswpnhntngvtaacshegkssfyrnllwltekegsypklknsyvnkkgkevlvlwgihhppnskeqqnlyqnenayvsvvtsnynrrftpeiaerpkvrdqagrmnyywtllkpgdtiifeangnliapmyafalsrgfgsgiitsnasmhecntkcqtplgainsslpyqnihpvtigecpkyvrsaklrmvtglrntpsiqsrglfgaiagfieggwtgmidgwygyhhqneqgsgyaadqkstqnaingitnkvntviekmniqftavgkefnklekrmenlnkkvddgfldiwtynaellvllenertldfhdsnvknlyekvksqlknnakeigngcfefyhkcdnecmesvrngtydypkyseesklnrekvdgvklesmgiyqilaiystvasslvllvslgaisfwmcsngslqcrici,GenBank: AGU93019.1,565,TRUE
Br/07,mktiialsyilclvftqklpgndnstatlclghhavpngtivktitndqievtnatelvqssstgeicdsphqildgenctlidallgdpqcdgfqnkkwdlfverskaysncypydvpdyaslrslvassgtlefnnesfnwtgvtqngtssacirrsnnsffsrlnwlthlkfkypalnvtmpnnekfdklyiwgvhhpgtdndqiflyaqasgritvstkrsqqtvipnigsrprvrnipsrisiywtivkpgdillinstgnliaprgyfkirsgkssimrsdapigkcnsecitpngsipndkpfqnvnritygacpryvkqntlklatgmrnvpekqtrgifgaiagfiengwegmvdgwygfrhqnsegigqaadlkstqaaidqingklnrligktnekfhqiekefsevegriqdlekyvedtkidlwsynaellvalenqhtidltdsemnklfektkkqlrenaedmgngcfkiyhkcdnacigsirngtydhdvyrdealnnrfqikgvelksgykdwilwisfaiscfllcvallgfimwacqkgnircnici,GenBank: AIW60702.1,566,TRUE
GD/19,mkailvvllytfttanadtlcigyhannstdtvdtvleknvtvthsvnlledkhngklcklrgvaplhlgkcniagwilgnpeceslstarswsyivetsnsdngtcypgdfinyeelreqlssvssferfeifpktsswpnhdsdkgvtaacphagaksfyknliwlvkkgnsypklnqtyindkgkevlvlwgihhpptiavqeslyqnadayvfvgtsryskkfkpeiatrpkvrdqegrmnyywtlvepgdkitfeatgnlvvpryaftmerdagsgiiisdtpvhdcnttcqtpegaintslpfqnvhpitigkcpkyvkstklrlatglrnvpsiqsrglfgaiagfieggwtgmvdgwygyhhqneqgsgyaadlkstqnaidkitnkvnsviekmntqftavgkefnhlekrienlnkkvddgfldiwtynaellvllenertldyhdsnvknlyekvrnqlknnakeigngcfefyhkcdntcmesvkngtydypkyseeaklnrekidgvklestriyqilaiystvasslvlvvslgaisfwmcsngslqcrici,Gisaid: EPI3133357,566,TRUE
HK/19,mktiialsyilclvftqkipgndnstatlclghhavpngtivktitndrievtnatelvqnssigeicdsphqildggnctlidallgdpqcdgfqnkkwdlfversraysncypydvpdyaslrslvassgtlefknesfnwagvtqngksfscirgssssffsrlnwlthlnyiypalnvtmpnkeqfdklyiwgvhhpvtdkdqislyaqssgritvstkrsqqavipnigsrprirnipsrisiywtivkpgdillinstgnliaprgyfkirsgkssimrsdapigkcksecitpngsipndkpfqnvnritygacpryvkqstlklatgmrnvpekqtrgifgaiagfiengwegmvdgwygfrhqnsegrgqaadlkstqaaidqingklnrligktnekfhqiekefsevegrvqdlekyvedtkidlwsynaellvalenqhtidltdsemnklfektkkqlrenaedmgngcfkiyhkcdnacigsirnetydhnvyrdealnnrfqikgvelksgykdwilwisfaiscfllcvallgfimwacqkgnircnici,GenBank: WMW30924.1,566,TRUE
